<?xml version="1.0" encoding="UTF-8"?>
<project-private xmlns="http://www.netbeans.org/ns/project-private/1">
    <editor-bookmarks xmlns="http://www.netbeans.org/ns/editor-bookmarks/2" lastBookmarkId="0"/>
    <open-files xmlns="http://www.netbeans.org/ns/projectui-open-files/2">
        <group>
            <file>file:/C:/Users/dlwpg/Desktop/Group-C---ITC-205-master/src/bcccp/Main.java</file>
            <file>file:/C:/Users/dlwpg/Desktop/Group-C---ITC-205-master/src/bcccp/carpark/Gate.java</file>
            <file>file:/C:/Users/dlwpg/Desktop/Group-C---ITC-205-master/src/bcccp/carpark/ICarSensorResponder.java</file>
            <file>file:/C:/Users/dlwpg/Desktop/Group-C---ITC-205-master/src/bcccp/carpark/Carpark.java</file>
            <file>file:/C:/Users/dlwpg/Desktop/Group-C---ITC-205-master/src/bcccp/carpark/CarSensor.java</file>
            <file>file:/C:/Users/dlwpg/Desktop/Group-C---ITC-205-master/src/bcccp/carpark/entry/EntryController.java</file>
        </group>
    </open-files>
</project-private>
